<?xml version="1.0" encoding="UTF-8"?>
<project-private xmlns="http://www.netbeans.org/ns/project-private/1">
    <editor-bookmarks xmlns="http://www.netbeans.org/ns/editor-bookmarks/2" lastBookmarkId="1">
        <file>
            <url>src/bulkrenameformovie/DemoJFileChooser.java</url>
            <bookmark id="1">
                <name/>
                <line>135</line>
                <key/>
            </bookmark>
        </file>
    </editor-bookmarks>
    <open-files xmlns="http://www.netbeans.org/ns/projectui-open-files/2">
        <group>
            <file>file:/E:/1folder/MyApplications/BulkRenameForMovie/src/bulkrenameformovie/Promiss.java</file>
            <file>file:/E:/1folder/MyApplications/BulkRenameForMovie/src/bulkrenameformovie/DemoJFileChooser.java</file>
        </group>
    </open-files>
</project-private>
